r,r,r,r,r,r,r,r,r,r,r,r,r,r,r,r,r,r,r,r,r,r,r,r,r,r,r,r,r,r,r,r,r,r,r,r,r,r,r,r,r,r,r,r,r,r,r,r,r,r,r,r,r,r,r,r,r,r,r,r,r,r,r,r,r,r,r,r,r,r,r,r,r,r,r,r,r,r,r,r,r,r,r,r,r,r,r,r,r,r,r,r,r,r,r,r,r,r,r,r,r,r,r,r,r,r,r,r,r,r,r,r,r,r,r,r,r,r,r,r,r,r,r,r,r,r,r,r,r,r,r,r,r,r,r,r,r,r,r,r,r,r,r,r,r,r,r,r,r,r,r,r,r,r,r,r,r,r,r,r
<<<<<<< HEAD
r,Cleric,,,,,,,,,,,,,,,,,,w,w,,,,,,,,,,,,,,,,,,,w,w,,,,,,,,,,,,,,,,,,,w,w,,,,,,,,,,,,,,,,,,,w,w,,,,p,p,p,p,p,p,p,p,p,p,,,,,,w,w,,,,,,,,,,,,,,,,,,,w,w,,,,,,,,,,,,,,,,,,,w,w,,,,,,,,,,,,,,,,,,,r
=======
r,,,,,,,,,,,,,,,,,,,w,w,,,,,,,,,,,,,,,,,,,w,w,,,,,,,,,,,,,,,,,,,w,w,,,,,,,,,,,,,,,,,,,w,w,,,,p,p,p,p,p,p,p,p,p,p,,,,,,w,w,,,,,,,,,,,,,,,,,,,w,w,,,,,,,,,,,,,,,,,,,w,w,,,,,,,,,,,,,,,,,,,r
>>>>>>> 1884630f38c34f7dd99fb1c459a2df1092287020
r,,,,,,,,,,,,,,,,,,,w,w,,,,,,,,,,,,,,,,,,,w,w,,,,,,,,,,w,w,w,w,w,,,w,w,w,w,w,w,w,w,w,w,w,,,,,,,,,,,,w,w,,,,p,p,p,p,p,p,p,p,p,p,p,,,,,w,w,,,,,,,,,,,,r,r,r,,,,,w,w,,,,,,r,,,,,,,,,,,,,w,w,,,,,,,,,,,,r,,,,,,,r
r,,,,,,,,,,,,,,,,,,,w,w,,,,,,,,,,,,,,,,,,,w,w,,,,,,,,w,w,w,w,w,w,w,w,w,w,w,w,w,w,w,w,w,w,w,,,,,,,,,,,,,w,w,,,p,p,p,p,p,p,p,p,p,p,p,p,p,p,p,p,p,p,p,,,,,,,,,,,r,r,r,,,,,w,w,,,,,,,,,,,,,,,,,,,w,w,,,,,,,,,,,,,,,,,,,r
r,,,,,p,p,p,,,,,,,,,,,,w,w,,,,r,r,,,,,,,,,,,,,,w,w,,,,,,,,w,w,w,w,w,w,w,w,w,,w,w,w,w,w,,,,,,,,,,,,,,,p,p,p,p,p,p,p,p,p,p,p,p,p,p,p,p,p,p,p,p,p,p,p,p,p,p,,,,,,,,,,r,r,r,r,r,,,w,w,,,,,,,,,,,r,,,,,,,,w,w,,,,,,,,,,,,,,,,,,,r
r,,,,,p,p,p,p,p,,,,,,,,,,w,w,,,,,,,,,,,,,,,,,,,w,w,,,,,,,,w,w,w,w,w,w,w,w,,,,w,w,,,,,,,,,,,,,,,,,p,p,p,p,p,p,p,p,p,,,,,,,,p,p,p,p,p,p,p,p,p,p,p,p,p,p,p,p,p,p,,,,,r,r,,,w,w,,,,,,,,,,,,,,,,p,p,p,p,p,p,,,,,,,,,,,,,,,,,,r
r,,,,,p,p,p,p,p,p,p,p,p,,,,,,w,w,,,,,,,r,,,,,,,,,,,,w,w,,,,,,,,,,w,w,w,w,w,,,,,w,w,,,,,p,p,p,p,p,p,p,p,p,p,p,p,p,p,p,p,p,p,p,p,,,,,,,,,,p,p,p,p,p,p,p,p,p,p,p,p,p,p,p,p,p,p,,,,,,,,w,w,,,p,p,p,p,p,p,p,p,p,p,p,p,p,p,p,p,p,p,p,p,p,p,p,p,p,,,,,,,,,,,,r
r,,,,,p,p,p,p,p,p,p,p,p,,,,,,w,w,,,,,,,,,,,,,,,,,,,w,w,,,,,,,,,,w,w,w,w,w,,,,,w,w,,,,,p,p,p,p,p,p,p,p,p,p,p,p,p,p,p,p,p,p,p,,,,,,,,,,,p,p,p,p,p,p,p,p,p,p,p,p,p,p,p,p,p,p,p,p,p,p,p,p,p,p,p,p,p,p,p,p,p,p,p,p,p,p,p,p,p,p,p,p,p,p,p,p,p,p,p,p,p,p,p,,,,,,,,,,,r
r,,,,,,p,p,p,p,p,p,p,p,,,,,,w,w,,,,,,,,,,,,,p,p,p,p,p,p,p,p,p,p,p,p,p,p,p,,,,,,,,,,,p,p,p,p,p,p,p,p,p,p,p,p,p,p,p,p,p,p,p,p,p,p,p,p,p,p,,,,,,,,,,,,,,,,w,w,p,p,p,p,p,p,p,p,p,p,p,p,p,p,p,p,p,p,p,p,p,p,p,p,p,p,p,p,p,p,p,p,p,p,p,p,p,p,p,p,p,p,p,p,p,p,p,p,p,p,p,p,,,,,,,r
r,,,,,,p,p,p,p,p,p,p,p,,,,,,w,w,,,,,,,,,p,p,p,p,p,p,p,p,p,p,p,p,p,p,p,p,p,p,p,,,,,,,,,,,p,p,p,p,p,p,p,p,p,p,p,p,p,p,p,p,p,p,p,,,w,w,,,,,,,,,,,,,,,,,,,w,w,,p,p,p,p,p,p,p,p,p,p,p,p,p,p,p,p,p,p,p,p,p,p,p,p,p,p,p,p,p,p,p,p,p,p,p,p,p,p,p,p,p,p,p,p,p,p,p,p,p,p,p,,,,,,,r
r,,,,,,,,,,,p,p,p,p,,,,,w,w,,,,,,p,p,p,p,p,p,p,p,p,p,p,p,p,p,p,p,p,p,p,p,p,p,p,p,p,p,p,p,p,p,p,p,p,p,p,p,p,p,p,p,p,p,p,p,p,p,p,p,p,p,p,,,w,w,,,,,,,,,,,,,,,,,,,w,w,,,,,,,,,,p,p,p,p,p,p,p,p,p,p,p,p,p,p,p,p,p,p,p,p,p,p,p,p,p,p,,,,w,w,,p,p,p,p,p,p,p,p,p,p,p,p,p,,,,,r
r,,w,w,,,,,,,,p,p,p,p,,,,,w,w,,,,,,p,p,p,p,p,p,p,p,p,p,p,p,p,p,p,p,p,p,p,p,p,p,p,p,p,p,p,p,p,p,p,p,p,p,p,p,p,p,p,,,,,,,,,,,,,,,w,w,,,,,r,r,r,,,,r,,,,,,,,w,w,,,,,,,,,,,p,p,p,p,p,p,p,p,p,p,p,p,,,,,,p,p,p,p,p,,,,,,,w,w,,,,,,,p,p,p,p,p,p,p,p,,,,,r
r,,w,w,w,w,,,,,,p,p,p,p,,,,,w,w,,,,,,p,p,p,p,p,p,p,p,p,p,p,p,p,p,p,p,p,p,p,p,p,p,p,p,p,p,p,p,p,p,p,p,p,p,p,p,p,p,p,,,,,,,,,,,,,,,w,w,,,,,r,r,r,,,,,,,,,,,,w,w,,,,,,,,,,,,,,,,,,,w,w,,,,,,,,p,p,p,p,p,,,,,,,w,w,,,,,,,,p,p,p,p,p,p,p,,,,,r
r,,w,w,w,w,,,,,,p,p,p,p,,,,,w,w,,,,,p,p,p,p,p,p,p,p,,,,,,,w,w,,,,,,,,p,p,p,p,p,p,p,p,p,p,,w,w,,,,,,,,,w,w,,,,,,,,,w,w,,,,,r,r,r,r,r,,,,,,,,,,w,w,,,r,r,,,,,,,,,,,,,,,w,w,,,,,,,,,p,p,p,p,p,,,,,,w,w,,,,,,,,,p,p,p,p,p,p,,,r,,r
r,,,w,w,w,,,,,,p,p,p,p,p,,,,w,w,,,,p,p,p,p,p,p,p,p,p,,,,,,,w,w,,,,,,,,p,p,p,p,p,p,p,p,p,p,,w,w,,,,,,,w,w,w,w,,,,,,,,,w,w,,,,,,,,r,r,,,,,,,,,,w,w,,,,,,,,,,,,,,,,,,,w,w,,,,,,,,,p,p,p,p,p,,,,,,w,w,,,,,,,,,,p,p,p,p,p,p,,,,r
r,,,w,w,w,,,,,,,p,p,p,p,p,p,p,p,p,p,p,p,p,p,p,p,p,p,p,,,,,,,,,w,w,,,,,,,,,,,,,,,,,,,w,w,,,,,,w,w,w,w,w,,,,,,,,,w,w,,,,,,,,,,,,,,,r,r,,,w,w,,,,,r,,r,r,,,,,,,,,,,w,w,,,,r,r,,,,p,p,p,p,p,p,,,,,w,w,,,r,,,,,,,,p,p,p,p,p,,,,r
r,,,,w,w,w,w,w,,,,p,p,p,p,p,p,p,p,p,p,p,p,p,p,p,p,p,p,,,,,,,,,,w,w,,,,,,,,,,,,,,,,,,w,w,w,w,w,w,w,w,w,w,w,w,w,,,,,,,,,w,w,,,,,,,,,,,,,,,r,r,r,,w,w,,,,,,r,,r,,,,,,,,,,,w,w,,,,,,,,,,p,p,p,p,p,,,,,w,w,,,,r,,,,,,,p,p,p,p,p,,,,r
r,,,,w,w,w,w,w,,,,p,p,p,p,p,p,p,p,p,p,p,p,p,p,p,p,,,,,,,,,,,,w,w,,,,,,,,,,,,w,w,w,w,w,w,w,w,w,w,w,w,w,w,w,w,w,w,,,,,,,,,,w,w,,,,,,,,,,,,,,,,,r,,w,w,,,,,,,,,,,,,,,,,,,w,w,,,,,,,,,,p,p,p,p,p,,,,,w,w,,,,,,,,,,,p,p,p,p,p,,,,r
r,,,,w,w,w,w,w,,,,,p,p,p,p,p,p,p,p,p,p,p,p,p,p,,,,,,,,,,,,,w,w,,,,,,,,,,,,w,w,w,w,w,w,w,w,w,w,w,w,w,w,w,w,w,w,,,,,,,,,,w,w,,,,,,,,,,,,,,,,,,,w,w,,,,,,,,,,,,,,,,,,,w,w,,,,,,,,,,,p,p,p,p,p,p,,,w,w,,,,,,,,,,,,p,p,p,p,,,,r
r,w,w,w,w,w,w,w,w,w,w,w,w,w,w,w,w,w,w,w,w,w,w,w,w,w,w,w,w,w,w,w,w,w,w,w,w,w,w,w,w,w,w,w,w,w,w,w,w,w,w,w,w,w,w,w,w,w,w,w,w,w,w,w,w,w,w,w,w,w,w,w,w,w,w,w,w,w,w,w,w,w,w,w,w,w,w,w,w,w,w,w,w,w,w,w,w,w,w,w,w,w,w,w,w,w,w,w,w,w,w,w,w,w,w,w,w,w,w,w,w,w,w,w,w,w,w,w,w,w,w,,p,p,p,p,p,w,w,w,w,w,w,w,w,w,w,w,w,w,w,w,p,p,p,p,w,w,w,r
r,w,w,w,w,w,w,w,w,w,w,w,w,w,w,w,w,w,w,w,w,w,w,w,w,w,w,w,w,w,w,w,w,w,w,w,w,w,w,w,w,w,w,w,w,w,w,w,w,w,w,w,w,w,w,w,w,w,w,w,w,w,w,w,w,w,w,w,w,w,w,w,w,w,w,w,w,w,w,w,r,r,r,r,r,r,r,r,r,r,r,r,r,r,r,r,r,r,r,r,r,r,r,r,r,r,r,r,r,r,r,r,r,r,r,r,r,r,r,r,r,r,r,r,r,r,r,r,r,r,r,r,p,p,p,p,p,r,r,r,w,w,w,w,w,w,w,w,w,w,w,w,p,p,p,p,w,w,w,r
r,,w,w,w,w,w,w,w,w,w,,,,,,,,,w,w,,,,,,,,,,,,,,,,,,,w,w,,,,,,,,,w,,w,w,w,w,w,w,w,w,w,w,w,w,w,w,w,w,w,w,w,,,,,,,,,,w,r,,,,,,,,,,,,,,,,,,,r,r,,,,,,,,,,,,,,,,,,,r,r,,,,,,,,,,,,p,p,p,p,p,,,r,w,,,,,,,,,,,,p,p,p,p,,,,r
r,,w,w,w,w,w,w,w,w,w,w,w,w,,,,,,w,w,,,,,,,,,,,,,,,,,,,w,w,,,,,,,w,w,w,w,w,w,w,w,w,w,w,w,w,w,w,w,w,w,w,w,w,w,w,w,,,,,,,,,w,r,,,,,,,,,,,,,,,,,,,r,r,,,,,,,,,,,,,,,,,,,r,r,,,,,,,,,r,,,p,p,p,p,p,,,r,w,,,,,,,,,,,p,p,p,p,p,,,,r
r,,,w,w,w,w,w,w,w,w,w,w,,,,,,,w,w,,,,,r,,,,,,,,,,,,,,w,w,,,,,,w,w,w,w,w,w,w,w,w,w,w,w,w,w,w,w,w,w,w,w,w,w,w,w,w,,,,,,,,,w,r,,,,,,,,,,,,,,,,,,,r,r,,,,,r,r,,,,,,,,,,,,,r,r,,,,,,,,,r,,,p,p,p,p,,,,r,w,,,,r,r,,,,,,p,p,p,p,p,,,,r
r,,,w,w,w,w,w,w,w,,,,,,,,,,w,w,,,,,,r,r,,,,,,,,,,,,w,w,,,,,,w,w,w,w,w,w,w,w,w,w,w,w,w,w,w,w,w,w,w,w,w,w,w,w,w,,,,,,,,,w,r,,,,,,,,,,,,,,,,,,,r,r,,,,,r,r,,,,,,,,,,,,,r,r,,,r,,,,,,r,,,p,p,p,p,,,,r,w,,,r,r,r,,,,,p,p,p,p,p,,,,,r
r,,,w,w,w,w,w,w,,,,,,,,,,,w,w,,,,,,,,,,,,,,,,,,,w,w,,,,,,w,w,w,w,w,w,w,w,w,w,w,w,w,w,w,w,w,w,w,w,w,w,w,,,,,,,,,,,w,r,,,,,,,,,,,,,,,,,,,r,r,,,,,,,,,,,,,,,,,,,r,r,,,,,,,,,,,,,,,,,,,r,w,,,r,r,,,,,,p,p,p,p,,,,,,r
r,,,w,w,w,w,w,w,,,,,,,,,,,w,w,,,,,,,,,p,p,p,p,p,p,p,p,p,p,w,w,,,,,,,w,w,w,w,w,w,w,w,w,w,w,w,w,w,w,w,w,w,w,w,w,w,,,,,,,,,,,w,r,,,,,,,,,,,,,,,,,,,r,r,,,,,,,,,,,,,,,,,,,r,r,,,,,,,,,,,,,,,,,,,r,w,,,r,r,,,,,,p,p,p,p,,,,,,r
r,,,w,w,w,w,w,w,,,,,p,p,p,p,p,p,p,p,p,p,p,p,p,p,p,p,p,p,p,p,p,p,p,p,p,p,p,p,p,p,p,,,,,,w,,w,w,w,w,w,w,w,w,w,w,w,w,w,w,w,w,w,,,,,,,,p,p,p,p,p,p,p,p,p,p,,,,,,,,,,,,,,,r,r,,,,,,,,,,,,,,,,,,,r,r,,,,,,,,,,,,,,,,,,,r,w,,,,,,,,,,p,p,p,p,,,,,,r
r,,,,w,w,w,w,w,,,p,p,p,p,p,p,p,p,p,p,p,p,p,p,p,p,p,p,p,p,p,p,p,p,p,p,p,p,p,p,p,p,p,p,,,,,,,w,w,w,w,w,w,w,w,w,w,w,w,w,w,w,w,w,,,p,p,p,p,p,p,p,p,p,p,p,p,p,p,p,,,,,,,,,,,,,,,r,r,,,,,,,,,,,,,,,,,,,r,r,,,,,,,,,,,,,,,,,,,r,w,,,,r,r,,,,,p,p,p,p,,,,,,r
r,,,,w,w,w,w,w,,,p,p,p,p,p,p,p,p,p,p,p,p,p,p,p,p,p,p,p,p,p,p,p,p,p,p,p,p,p,p,p,p,p,p,p,p,,,,,,w,w,w,w,w,w,w,w,w,w,w,w,w,w,w,w,,,p,p,p,p,p,p,p,p,p,p,p,p,p,p,p,,,,,,,,,,,,,,,r,r,,,,,,,,,,,,,,,,,,,r,r,,,r,,,,,,,,,,,,,,,,r,w,,,,r,r,,,,p,p,p,p,,,,,,,r
r,,w,w,w,w,w,,,,,p,p,p,p,p,p,p,p,p,p,p,p,p,p,p,p,p,p,,,,,,,,,p,p,p,p,p,p,p,p,p,p,p,,,,,,w,w,w,w,w,w,w,w,w,w,w,w,w,,,,,p,p,p,p,p,p,p,p,p,p,p,p,p,p,p,,,,,,,,,,,,,,,r,r,,,,,,,,,,,,,,,,,,,r,r,,,,,,,,,,,,,,,,,,,r,w,,,,,r,,,,p,p,p,p,,,,,,,r
r,,w,w,w,w,w,,,,,p,p,p,p,,,,,w,w,,,,,,,,,,,,,,,,,,,w,w,,p,p,p,p,p,p,p,,,,,,w,w,w,w,w,w,w,w,,,,,,,,,p,p,p,p,p,,,,,w,r,,,,,,,,,,,,,,,,,,,r,r,,,,,,,,,,,,,,,,,,,r,r,,,,,,,,,,,,,,,r,r,,,r,w,,,,,,,,p,p,p,p,p,,,,,,,r
r,,w,w,w,w,w,,,,,p,p,p,p,,,,,w,w,,,,,,,,,,,,,,,,,,,w,w,,,,p,p,p,p,p,p,,,,,w,w,w,w,w,w,w,w,,,,,,,,p,p,p,p,,,,,,,w,r,,,,,,,,,,,,,,,,,,,r,r,,,,,,,,,,,,,,,,,,,r,r,,,,,,,,,,,,,,,,,,,r,w,,,,,,,p,p,p,p,p,p,,,,,,,r
r,,w,w,,,,,,,p,p,p,p,,,,r,,w,w,,,,,r,r,,,,,,r,r,r,,,,,w,w,,,,,p,p,p,p,p,,,,,,w,w,w,w,w,w,,,,,,,,,p,p,p,p,,,,,,,w,r,,,,,,,,,,,,,,,,,,,r,r,,,p,p,p,p,,,,,,,,,,,,,r,r,,,,,,,,,,,,,,,,,,,r,w,,,r,,,,p,p,p,p,p,p,,,,,,,r
r,,w,w,,,,,,,p,p,p,p,,,r,r,,w,w,,,,,r,r,,,,r,r,r,r,r,,,,,w,w,,,,,,p,p,p,p,,,,,w,w,w,w,w,w,w,,,,,,,,,p,p,p,p,,,,,,,w,r,,,,,,,,,,,,,,,,,,,r,r,,,p,p,p,p,,,,,,,,,,,,,r,r,,,,,,,r,r,,,,,,,,,,,r,w,,,,,,p,p,p,p,p,,,,,r,,,,r
r,,w,w,w,w,w,,,p,p,p,p,,,,r,r,,w,w,,,,,,,,,,r,r,r,r,r,,,,,w,w,,,,,,,p,p,p,p,,,,w,w,w,w,w,w,w,,,,,,,,,p,p,p,p,,,,,,,w,r,,,,,,,,,,,,,,,,,,,r,r,,,p,p,p,p,,,,,,,,,,r,,,r,r,,,,,,,r,r,,,,,,,,,,,r,w,,,,,,p,p,p,p,p,,,,,,,,,r
r,,,w,w,w,w,,,p,p,p,p,,,,,,,w,w,,,,,,,,,,r,r,,,,,,,,w,w,,,,,,,p,p,p,p,,,,,w,w,w,w,w,w,,,,,,,,p,p,p,p,,,,,,,,w,r,,,,,,,,,,,,,,,,,,,r,r,,,p,p,p,p,p,,,,,,,,,,,,r,r,,,,,,,,,,,,,,,,,,,r,w,,,,,,p,p,p,p,p,,,,,,,,,r
r,,,w,w,w,,,,p,p,p,p,,,,r,,,w,w,,,,,,,,,,,,,,,,,,,w,w,,,,,,,p,p,p,p,,,,,,,,,w,w,,,,,,,,p,p,p,p,,,,,,,,w,r,,,,,,,,,,,,,,,,,,,r,r,,,p,p,p,p,p,,,,,,,,,,,,r,r,,,,,,,,,,,,,,,,,,,r,w,,,,,,p,p,p,p,p,,,,,,,,,r
r,,,,,,,,,p,p,p,p,,,,,,,w,w,,,,,,,,,,,,,,,,,,,w,w,,,,,,,p,p,p,p,,,,,,,,,w,w,,,,,,,,p,p,p,p,,,,,,,,w,r,,,,,,,,,,,,,,,,,,,r,r,,,,p,p,p,p,,,,,,,,,,,,r,r,,,,,,,,,,,,,,,,,,,r,w,,,,,,p,p,p,p,,,,,,,,,,r
r,w,w,w,w,w,w,w,w,p,p,p,p,w,w,w,w,w,w,w,w,w,w,w,w,w,w,w,w,w,w,w,w,w,w,w,w,w,w,w,w,w,w,w,w,w,w,p,p,p,p,w,w,w,w,w,w,w,w,w,w,w,w,w,w,w,w,w,p,p,p,p,w,w,w,w,w,w,w,w,r,r,r,r,r,r,r,r,r,r,r,r,r,r,r,r,r,r,r,r,r,r,r,r,p,p,p,p,r,r,r,r,r,r,r,r,r,r,r,r,r,r,r,r,r,r,r,r,r,r,r,r,r,r,r,r,r,r,r,r,w,w,w,w,w,w,p,p,p,p,w,w,w,w,w,w,w,w,w,r
r,w,w,w,w,w,w,w,w,p,p,p,p,w,w,w,w,w,w,w,r,r,r,r,r,r,r,r,r,r,r,r,r,r,r,r,r,r,r,r,w,w,w,w,w,w,w,p,p,p,p,w,w,w,w,w,w,w,w,w,w,w,w,w,w,w,w,w,p,p,p,p,w,w,w,w,w,w,w,w,w,w,w,w,w,w,w,w,w,w,w,w,w,w,w,w,w,w,w,w,w,w,w,w,p,p,p,p,w,w,w,w,w,w,w,w,w,w,w,w,w,w,w,w,w,w,w,w,w,w,w,w,w,w,w,w,w,w,w,w,w,w,w,w,w,w,p,p,p,p,w,w,w,w,w,w,w,w,w,r
r,,,,,,,,,p,p,p,p,,,,,,,w,r,,,,,,,,,,,,,,,,,,,r,w,,,,,,,p,p,p,p,,,,,,,,,w,w,,,,,,,,p,p,p,p,,,,,,,,w,w,,,,,,,,,,,,,,,,,,,w,w,,,,p,p,p,p,,,,,,,,,,,,w,w,,,,,,,,,,,,,,,,,,,w,w,,,,,,p,p,p,p,,,,,,,,,,r
r,,,,,,,,p,p,p,p,,,,,,,,w,r,,,,,,,,,,,,,,,,,,,r,w,,,,,,,p,p,p,p,,,,,,,,,w,w,,,,,,,,p,p,p,p,,,,,,,,w,w,,,,,,,,,,,,,,,,,,,w,w,,,,p,p,p,p,p,p,p,,,,,,,p,p,p,p,p,,,,,,,,,,,,r,,,,,,w,w,,,,,,p,p,p,p,,,,,,,,,,r
r,,,,,,,,p,p,p,p,,,,,,,,w,r,,,,,,,,,,,,,,,,,,,r,w,,,,,,,p,p,p,p,,,,,,,,,w,w,,r,,,,,,,p,p,p,p,,,,,,,w,w,,,,,,,,,,,,,,,,,,,w,w,,,,p,p,p,p,p,p,p,p,p,p,p,p,p,p,p,p,p,p,,,,,,r,,r,r,,,,,,,,,w,w,,,,,,p,p,p,p,,,,,,,,r,,r
r,,,,p,p,p,p,p,p,p,p,,,,,,,,w,r,,,,r,r,,,,,,,,,,,,,,r,w,,,,,,,p,p,p,p,,,,,,,,,w,w,,,,r,r,,,,p,p,p,p,,,,,,,w,w,,,,,,,,,,,,,,,,,,,w,w,,,,p,p,p,p,p,p,p,p,p,p,p,p,p,p,p,p,p,p,p,p,,,,,,r,r,,,,r,,r,,,w,w,,,,,,p,p,p,p,,,,,,,,,,r
r,,,,p,p,p,p,p,p,p,p,,,,,,,,w,r,,,,,,,,,,,,,,,r,r,,,r,w,,,,,,,p,p,p,p,p,,,,,,,,w,w,,,,,,,,,p,p,p,p,p,,,,,,w,w,,,,,,p,p,p,p,p,,,,,,,,,w,w,,,,p,p,p,p,p,p,p,p,p,p,p,p,p,p,p,p,p,p,p,p,,,,,,,,,,,,,,,,w,w,,,,,,p,p,p,p,,,,r,r,,,,,r
r,,,,p,p,p,p,p,p,,,,,,,,,,w,r,,,,,,,,,,,,,,,r,r,,,r,w,,,,,,,p,p,p,p,p,,,,,,,,w,w,,,,,,,,,p,p,p,p,p,p,,,p,p,p,p,p,p,p,p,p,p,p,p,p,p,p,p,p,p,,,,,w,w,,,,,,p,p,p,p,p,p,p,p,p,p,p,p,p,p,p,p,p,p,p,p,p,,,,,,,,,,,,,w,w,,,,,,p,p,p,p,,,,r,r,,,,,r
r,,,p,p,p,p,p,p,,,,,,,,,,,w,r,,,,,,,,,,,,,,,r,r,,,r,w,,,,,,,,p,p,p,p,p,p,p,p,,,,w,w,,,,,,,p,p,p,p,p,p,p,p,p,p,p,p,p,p,p,p,p,p,p,p,p,p,p,p,p,p,p,p,p,p,p,p,p,p,p,p,p,p,,p,p,p,p,,p,p,p,p,p,p,,,w,w,,p,p,p,p,p,p,p,p,,,,,,,,,,w,w,,,,,,,p,p,p,p,,,r,r,,,,,r
r,,,p,p,p,p,p,,,,,,,,,,,p,p,p,p,p,p,,,,,,,,,,,,,,,,r,w,,,,,,,,p,p,p,p,p,p,p,p,p,p,p,p,p,p,p,p,p,p,p,p,p,p,p,p,p,p,p,p,p,p,p,p,p,p,p,p,p,p,p,p,p,p,p,p,p,p,p,p,p,p,p,p,p,p,p,p,p,p,p,p,p,p,,,,,,,,,,w,w,,p,p,p,p,p,p,p,p,p,p,p,p,,,,,,w,w,,,,,,p,p,p,p,p,,,r,r,,,r,,r
r,,,p,p,p,p,,,,,,,,,,,p,p,p,p,p,p,p,,,,,,,,,,,,,,,,r,w,,,,,,,,p,p,p,p,p,p,p,p,p,p,p,p,p,p,p,p,p,p,p,p,p,p,p,p,p,p,p,p,p,p,p,p,p,p,p,p,p,p,,,,,,p,p,p,p,p,p,p,p,p,p,p,p,p,p,p,p,p,p,p,,,,,,,,,,w,w,,,,p,p,p,p,p,p,p,p,p,p,p,p,p,,,w,w,,,,p,p,p,p,p,p,p,,,r,r,,,,,r
r,,p,p,p,p,p,,,,,,,,,p,p,p,p,p,p,p,p,p,,,,,,,,,,,,,,,,r,w,,,,,,,,,,,,p,p,p,p,p,p,p,p,p,p,p,p,p,p,p,p,p,p,p,p,p,p,p,p,p,,,w,w,,,,,,,,,,,,,,,p,p,p,p,p,p,p,p,p,p,p,p,p,p,,,,,,,,,,,w,w,,,,p,p,p,p,p,p,p,p,p,p,p,p,p,p,p,p,p,p,p,p,p,p,p,p,p,p,p,,,,,,,,,r
r,,p,p,p,p,p,,,,,,,,p,p,p,p,p,p,p,p,p,p,,,,,,,,,,,,,,,,r,w,,,w,w,w,,,,,,,,,,,p,p,p,p,p,p,p,p,p,p,p,p,p,p,,,,,,,,,,w,w,,,,,,,w,w,w,,,,,,p,p,p,p,p,p,p,p,p,p,p,p,p,p,,,,,,,,,,,w,w,,,,,,,p,p,p,p,p,p,p,p,p,p,p,p,p,p,p,p,p,p,p,p,p,p,p,p,,,,,,,,,r
r,,p,p,p,p,p,,,,,,,,p,p,p,p,p,w,r,,,,,,,,,,,,,,,,,,,r,w,,,w,w,w,,,,,,,,,,,,,,w,w,,,,,,p,p,p,p,,,,,,,,,,w,w,,,,,w,w,w,w,w,w,w,w,,,,,,,w,w,,,,,p,p,p,p,,,,,,,,,,,w,w,,,,,,,,,,p,p,p,p,p,p,p,p,p,p,p,p,p,p,p,p,p,p,p,p,p,,,,r,r,,,,r
r,,p,p,p,,,,,,,,,,p,p,p,p,,w,r,,,,,,,,,,,,,,,,,,,r,w,,,w,w,w,w,w,,,,,,,,,,,,w,w,,,,,,p,p,p,p,,,,,r,r,,,,w,w,,,,,w,w,w,w,w,w,w,w,,,,,,,w,w,,,,,,,,,,,,,,,,,,,w,w,,,,,,,,,,,,,,p,p,p,p,p,p,p,p,p,p,p,p,p,p,p,p,p,,,,r,r,,,,r
r,,p,p,p,p,p,,,,,,,,p,p,p,p,,w,r,,,,,,,,,,,,,r,r,,,,,r,w,,,w,w,w,w,w,w,w,w,,,,,,,,,w,w,,,,,,p,p,p,p,,,,,,,,,,w,w,,,,,w,w,w,w,w,w,w,w,w,,r,,,,w,w,,,,,,,,,,,,,,,,,,,w,w,,,,,,,,,,r,,,,,,,p,p,p,p,p,p,p,,,,p,p,p,p,,,,,,r,r,,r
r,,,p,p,p,p,p,p,p,,,,p,p,p,p,,,w,r,,,,,,,,,,,,,,,,,,,r,w,,,,,,w,w,w,w,w,w,,,,,,,,w,w,,,,,p,p,p,p,,,,,,,r,r,r,,w,w,,,,w,w,w,w,w,w,w,w,w,w,,,,,,w,w,,,,,,,,,,,,,,,,,,,w,w,,,,r,r,,,,,,,,,,,,,,w,w,,,,,,,,p,p,p,p,,,,,r,r,,r
r,,,p,p,p,p,p,p,p,p,p,p,p,p,p,p,,,w,r,,,,,,,,,,,,,,,,,,,r,w,,,,,,,,,w,w,,,,,,,,,w,w,,,,,p,p,p,p,,,,,,r,r,r,,,w,w,,,,w,w,w,w,w,w,w,w,w,w,,,,,,w,w,,,,,,,,,,,,,,,,,,,w,w,,,,,,,,,,,r,,,,,,,,w,w,,,,,,,,p,p,p,p,,,,,,r,,r
r,,,p,p,p,p,p,p,p,p,p,p,p,p,p,p,,,w,r,,,,,,,,,,,,,,,,,,,r,w,,,,,,,,,w,w,,,,,,,,,w,w,,,,,p,p,p,p,,,,,,,,,,,w,w,,,,w,w,w,w,w,w,w,w,w,w,,,,,,w,w,,,,,,,,,,,,,,,,,,,w,w,,,,,,,,r,,,,,,,,,,,w,w,,,,,,,,p,p,p,p,,,,r,,,,r
r,,,,,,,,p,p,p,p,p,p,p,p,,,,w,r,,,,,,,,,,,,,,,,,,,r,w,,,,,,,,,,,,,,,,,,,w,w,,,,p,p,p,p,,,,,,,,,,,,w,w,,,,w,w,w,w,w,w,w,w,w,w,,,,,,w,w,,,,,,,,,,,,,,,,,,,w,w,,,,,,,,,,,,,,,,,,,w,w,,,,,,,,p,p,p,p,,,,,,,,r
r,w,w,w,w,w,w,w,p,p,p,p,w,w,w,w,w,w,w,w,r,r,r,r,r,r,r,r,r,r,r,r,r,r,r,r,r,r,r,r,w,w,w,w,w,w,w,w,w,w,w,w,w,w,w,w,w,w,w,w,w,w,w,w,p,p,p,p,w,w,w,w,w,w,w,w,w,w,w,w,w,w,w,w,w,w,w,w,w,w,w,w,w,w,w,w,w,w,w,w,w,w,w,w,w,w,w,w,w,w,w,w,w,w,w,w,w,w,w,w,w,w,w,w,w,w,w,w,w,w,w,w,w,w,w,w,w,w,w,w,w,w,w,w,w,w,w,w,p,p,p,p,w,w,w,w,w,w,w,r
r,w,w,w,w,w,w,w,p,p,p,p,w,w,w,w,w,w,w,w,w,w,w,w,w,w,w,w,w,w,w,w,w,w,w,w,w,w,w,w,r,r,r,r,r,r,r,r,r,r,r,r,r,r,r,r,r,r,r,r,r,r,r,r,p,p,p,p,r,r,r,r,r,r,r,r,r,r,r,r,w,w,w,w,w,w,w,w,w,w,w,w,w,w,w,w,w,w,w,w,w,w,w,w,w,w,w,w,w,w,w,w,w,w,w,w,w,w,w,w,r,r,r,r,r,r,r,r,r,r,r,r,r,r,r,r,r,r,r,r,r,r,r,r,r,r,r,r,p,p,p,p,r,r,r,r,r,r,r,r
r,,,r,,,,,p,p,p,p,,,,,,,,w,w,,,,,,,,,,,,,,,,,,,w,r,,,,,,,,,,,,,,,,,,,r,r,,,,p,p,p,p,,,,,,,,,,,,r,w,,,w,w,w,w,w,w,w,w,w,w,w,,,,,,w,w,,,,,,,,,,,,,,,,,,,w,r,,,,,,,,,,,,,,,,,,,r,r,,,,,,,,p,p,p,p,,,,,,,,r
r,,r,r,r,,,,p,p,p,p,,,,,,,,w,w,,,,,,,,,,,,,,,,,,,w,r,,,,,,,,,,,,,w,w,w,,r,,r,r,,,,p,p,p,p,,,,,,,,,,,,r,w,,,w,w,w,w,w,w,w,w,w,w,w,,,,,,w,w,,,,,,,,,,,,,,,,,,,w,r,,,,,,,,,,,,,,,,,,,r,r,,,,,,,,p,p,p,p,,,,,,,,r
r,,r,r,,,,,p,p,p,p,,,,,,,,w,w,,,,,,,,,,,,,,,,,,,w,r,,,,,,,,,,,,,w,w,w,w,,,r,r,,,,,,,,,,,,,,,,,,,r,w,,,w,w,w,w,w,w,w,w,w,w,,,,,,,w,w,,,,,,,,,,,,,,,,,,,w,r,,,,,,,,,,,,,,,,,,,r,r,,,,,,,,p,p,p,p,,,,,,,,r
r,,r,r,,,,,p,p,p,p,,,,,,,,w,w,,,,,,,,,,,,,,,,,,,w,r,,,,,,,,,,,,,w,w,w,w,,,r,r,,,,,,,,,,,,,,,,,,,r,w,,,w,w,w,w,w,w,w,w,w,w,,,,,,,w,w,,,,,,,,,,,,,,p,p,p,p,p,p,p,p,,,,,,,,,,,,r,r,,,,,r,r,,,,,,,,,,,,,,,,,,,r
r,,r,,,,,,p,p,p,p,,,,,,,,w,w,,,,,,,,,,,,,,,,,,,w,r,,,,,,,,,,,,,w,w,w,w,w,,r,r,,,,,,,,,,,,,,,,,,,r,w,,,w,w,w,w,w,w,w,w,w,w,,,,,,,w,w,,,,,,,,p,p,p,p,p,p,p,p,p,p,p,p,p,p,,,,,,,,,,,,,,,,,,r,r,,r,,,,,,,,,,,,,,,,,r
r,,,,,,,,p,p,p,p,,,,,,,,w,w,,,,,,,,,,,,,,,,,p,p,p,p,p,p,,,,,,,,,,,,,,w,w,,r,r,,,,,,,,,,,,,,,,,,,r,w,,w,w,w,w,w,w,w,w,w,w,w,,,,,,p,p,p,p,p,p,p,p,p,p,p,p,p,p,p,p,p,p,p,p,p,p,p,p,,,,,,,,,,,,,,,,,,r,r,,,,,,,,,,,,,,,,,,,r
r,,r,,,,,,p,p,p,p,p,p,p,p,,,,w,w,,,,,,,,,,,p,p,p,p,p,p,p,p,p,p,p,p,,,,,,,,,,,,,,,,,r,r,,,,,,,,,,,,,,,,,,,r,w,,w,w,w,w,w,w,w,w,w,w,w,,p,p,p,p,p,p,p,p,p,p,p,p,p,p,p,p,p,p,p,p,p,p,p,p,p,p,p,p,,,,,,,,,,,,,,,,,,r,r,,,,,,,,,,,,,,,,,,,r
r,,,,,,,,p,p,p,p,p,p,p,p,p,p,,w,w,,,,,p,p,p,p,p,p,p,p,p,p,p,p,p,p,p,p,p,p,,,,,,,,,,,,,,,,,r,r,,,,,,,,,,,,,,,,,,,r,w,,w,w,w,w,w,w,w,,,,,,p,p,p,p,p,p,p,p,p,p,p,p,p,p,p,p,p,p,p,p,,,,,,w,r,,,,,,,,,,,,,,,,,,,r,r,,,,,,,,,,,,,,,,,,,r
r,,,,,,,,p,p,p,p,p,p,p,p,p,p,p,p,p,p,p,p,p,p,p,p,p,p,p,p,p,p,p,p,p,p,p,p,p,p,p,,,,,,,,,,,,,,,,,r,r,,,,,,,,,,,,,,,,,,,r,w,,w,w,w,w,w,w,w,w,w,,,,p,p,p,p,p,p,p,p,p,p,p,p,p,p,p,p,,,,,,,,,,w,r,,,,,,,,,,,,,,,,,,,r,r,,,,,,,,,,,,,,,,,,,r
r,,,,,,,,p,p,p,p,p,p,p,p,p,p,p,p,p,p,p,p,p,p,p,p,p,p,p,p,p,p,p,p,p,,,w,r,,,,,,,,,,,,,,,,,,,r,r,,,,,,,,,,,,,,,,,,,r,w,,w,w,w,w,w,w,w,w,w,,,,p,p,p,p,,w,w,,,,,,p,p,p,p,,,,,,,,,,w,r,,,,,,,,,,,,,,,,,,,r,r,,,r,,,,,,,,,,,,,,,,r
r,,,,,,,,p,p,p,p,,,,,p,p,p,p,p,p,p,p,p,p,p,p,p,p,p,,,,,,,,,w,r,,,,,,,,,,,,,,,,,,,r,r,,,,,,,,,,,,,,,,,,,r,w,,,,w,w,w,w,w,w,w,,,p,p,p,p,,,w,w,,,,,,p,p,p,p,,,,,,,,,,w,r,,,,,,,,,,,,,,,,,,,r,r,,,,,,,,,,,,,,,,,,,r
r,,,,,,,,p,p,p,p,,,,,,,p,p,p,p,p,p,p,,,,,,,,,,,,,,,w,r,,,,,,,,,,,,,,,,,,,r,r,,,,,,,,,,,,,,,,,,,r,w,,,,w,w,w,w,w,w,w,,,p,p,p,p,,,w,w,,,,,,p,p,p,p,,,,,,,,,,w,r,,,,,,,,,,,,,,,,,,,r,r,,,,,,,,,,,,,,,,,,,r
r,,,,,,,,p,p,p,p,,,,,,,,w,w,,,,,,,,,,,,,,,,,,,w,r,,,,,,,,,,,,,,,,,,,r,r,,,,,,,,,,,,,,,,,,,r,w,,,,w,w,w,w,w,w,w,,,p,p,p,p,,,w,w,,,,,,,p,p,p,p,,,,,,,,,w,r,,,,,,,,,,,,,,,,,,,r,r,,,,,,,,,,,,,,,,,,,r
r,,,,,,,,p,p,p,p,,,,,,,,w,w,,,,,,,,,,,,,,,,,,,w,r,,,,,,,,,,,,,,,,,,,r,r,,,,,,,,,,,,,,,,,,,r,w,,,,,w,w,w,w,,,,,p,p,p,p,,,w,w,,,,,,,p,p,p,p,,,,,,,,,w,r,,,,,,,,,,,,,,,,,,,r,r,,,,,,,,,,,,,,,,,,,r
r,,,,,,,,p,p,p,p,,,,,,,,w,w,,,,,,,,,,,,,,,,,,,w,r,,,,,,,,,,,,,,r,r,,,,r,r,,,,,,,,,,,,,,,,,,,r,w,,,,,w,w,w,w,,,,,p,p,p,p,,,w,w,,,,,,,p,p,p,p,,,,,,,,,w,r,,,,r,,,,,,r,,,,,,,,,r,r,,,,,,,,,,,,,,,,,,,r
r,,r,,,,,,p,p,p,p,,,,,,,,w,w,,,,,,,,,,,,,,,,,,,w,r,,,,r,,,,,,,,,,,,,,,r,r,,,,,,,,,,,,,,,,,,,r,w,,,,,,,,,,,,p,p,p,p,,,,w,w,,,,,,,p,p,p,p,,,,,,,,,w,r,,,,,,,,,,,,,,,,,,,r,r,,,,,,,,,,,,,,,r,,,,r
r,,,,,,,,p,p,p,p,,,,,,r,,w,w,,,,,,,,,,,,,,,,,,,w,r,,,,,,,,,,,,,,,,,,,r,r,,,,,,,,,,,,,,,,,,,r,w,,,,,,,,,,,,p,p,p,p,,,,w,w,,,,,,,,p,p,p,p,,,,,,,,w,r,,,,,,,,,,,,,,,,,r,,r,r,,,,,,,,,,,,,,,,,,,r
r,,,,,,,,p,p,p,p,,,,,,,,w,w,,,,,,,,,,,,,,,,,,,w,r,,,,,,,,,,,,,,,,,,,r,r,,,,,,,,,,,,,,,,,,,r,w,,,,,,,,,,,,p,p,p,p,,,,w,w,,,,,,,,p,p,p,p,,,,,,,,w,r,,,,,,,,,,,,,,,,,,,r,r,,,,,,,,,,,,,,,,,,,r
r,w,w,w,w,w,w,w,p,p,p,p,w,w,w,w,w,w,w,w,w,w,w,w,w,w,w,w,w,w,w,w,w,w,w,w,w,w,w,w,r,r,r,r,r,r,r,r,r,r,r,r,r,r,r,r,r,r,r,r,r,r,r,r,r,r,r,r,r,r,r,r,r,r,r,r,r,r,r,r,w,w,w,w,w,w,w,w,w,w,w,p,p,p,p,w,w,w,w,w,w,w,w,w,w,w,w,w,p,p,p,p,w,w,w,w,w,w,w,w,r,r,r,r,r,r,r,r,r,r,r,r,r,r,r,r,r,r,r,r,r,r,r,r,r,r,r,r,r,r,r,r,r,r,r,r,r,r,r,r
r,w,w,w,w,w,w,w,p,p,p,p,w,w,w,w,w,w,w,w,w,w,w,w,w,w,w,w,w,w,w,w,w,w,w,w,w,w,w,w,w,w,w,w,w,w,w,w,w,w,w,w,w,w,w,w,w,w,w,w,w,w,w,w,w,w,w,w,w,w,w,w,w,w,w,w,w,w,w,w,w,w,w,w,w,w,w,w,w,w,p,p,p,p,p,w,w,w,w,w,w,w,w,w,w,w,w,w,p,p,p,p,w,w,w,w,w,w,w,w,w,w,w,w,w,w,w,w,w,w,w,w,w,w,w,w,w,w,w,w,w,w,w,w,w,w,w,w,w,w,w,w,w,w,w,w,w,w,w,w
r,,,,,,,,p,p,p,p,,,,,,,,w,w,,,,,,,,,,,,,,,,,,,w,w,,,,,,,,,,,,,,,,,,,w,w,,,,,,,,,,,,,,,,,,,w,w,,,,,,,,,p,p,p,p,p,,,,,,w,w,,,,,,,,p,p,p,p,,,,,,,,w,w,,,,r,,,,,,,,,,,,,,,w,w,,,,,,,,,r,,,,,,,,,,r
r,,,,,,,,p,p,p,p,,,,,,,,w,w,,,,,,,,,,,,,,,,,,,w,w,,,,,,,,,,,,,,,,,,,w,w,,,,,,,,,,,,,,,,,,,w,w,,,,,,p,p,p,p,p,p,p,p,,,,,,w,w,,,,,,,,,p,p,p,p,,,,,r,,w,w,,,,,,,,,,,,,,,,,,,w,w,,,,,,,,,,,,,,,,,,,r
r,,,,,,,,p,p,p,p,,,,,,,,w,w,,,r,,,,,,,,,,,,,,r,,w,w,,,,,,,,,,,,,,,,,,,w,w,,,,,,,,,,,,,,,,,,,w,w,,,,,,p,p,p,p,p,p,p,p,,,,,,w,w,,,,,,,,,p,p,p,p,,,,r,,,w,w,,,,,,,,,,,,,,,,,,,w,w,,,,,,,,,,,,,,,,,,,r
r,,,,,,,,p,p,p,p,,,,,,,,w,w,,,,r,r,,,,,,,,,,,,,,w,w,,,,,,,,,,,,,,,,,,,w,w,,,,r,r,,,,,,,,,,,,,,w,w,,,p,p,p,p,p,p,p,p,p,,,,,,,w,w,w,,,,,,,,,p,p,p,p,,,,,,,w,w,,,,,,,r,,,,,,,,,,,,w,w,,,,,,,,,,,,,,r,r,,,,r
r,,,,,,,p,p,p,p,,,,,,,,,w,w,,,,,r,,,,,,,,,,,,,,w,w,,,,,,,,,,,,,,,,,,,w,w,,,,,,,,,,,,,,,,,p,p,p,p,p,p,p,p,p,p,p,p,,,,,,,,,w,w,w,w,w,w,w,,,,,,p,p,p,p,,,,,,,w,w,,,,,,,,,,,,,,,,,,,w,w,,,,,,,,,,,,,,r,r,,,,r
r,,,,,,,p,p,p,p,,,,,,,,,w,w,,,,,r,,,,,,,,,,,,,,w,w,,,,,,,,,,,,,,,,,,,w,w,,,,,,,,,,,,,,,p,p,p,p,p,p,p,p,p,p,p,p,p,p,,,,,,,,w,w,w,w,w,w,w,w,,,,,,p,p,p,p,,,,,,,w,w,,,,,,,,,,,,,,,,,,p,p,p,p,p,,,,,,,,,,,,r,r,,r,,r
r,,,,,,p,p,p,p,p,,,,,,,,,w,w,,,,,,,,,,,,,,,,,,,w,w,,,,,,,,,,,,,,,,,,,w,w,,,,,,,,,,,,,p,p,p,p,p,p,p,p,p,p,p,p,p,,,,,,,,,,,w,w,w,w,w,w,w,w,w,,,,,,p,p,p,p,,,,,,w,w,,,,,,,,,,,,,,,,,,p,p,p,p,p,p,p,p,p,,,,,,,,,,,r,,r
r,,,,,,p,p,p,p,,,,,,,,,,w,w,,,,,,,,,,p,p,p,p,p,p,,,,w,w,,,p,p,p,p,p,,,,,,p,p,p,p,p,,w,w,,,,,,,,,,,p,p,p,p,p,p,p,p,p,p,p,p,,,,,,,,,,,,w,w,w,w,w,w,w,w,w,w,w,,,,,,p,p,p,p,p,p,p,p,p,p,p,p,p,p,,,,,,,,,,,,p,p,p,p,p,p,p,p,p,p,p,p,p,p,p,,,,,,,,r,,r
r,,,,,,p,p,p,p,,,,,,,,,,w,w,,,,,,,p,p,p,p,p,p,p,p,p,p,p,p,p,p,p,p,p,p,p,p,p,p,p,p,p,p,p,p,p,p,p,p,p,p,p,p,p,p,p,p,p,p,p,p,p,p,p,p,p,p,,,w,w,,,,,,,,,,,,,,w,w,w,w,w,w,w,w,w,w,w,,,,,,p,p,p,p,p,p,p,p,p,p,p,p,p,p,p,p,,,,,,,,,,p,p,p,p,p,p,p,p,p,p,p,p,p,p,p,,,,,,,,,,r
r,,,,,p,p,p,p,p,,,,,,,,,,w,w,,,,,,p,p,p,p,p,p,p,p,p,p,p,p,p,p,p,p,p,p,p,p,p,p,p,p,p,p,p,p,p,p,p,p,p,p,p,p,p,p,p,p,p,p,p,p,p,p,p,p,p,,,,,w,w,,,,,,,,,r,,,,w,w,w,w,w,w,w,w,w,w,w,w,,,,,,p,p,p,p,p,p,p,p,p,p,p,p,p,p,p,p,p,p,,,,,p,p,p,p,p,p,,w,w,,,p,p,p,p,p,p,p,p,p,p,,,,,,,r
r,,,,,p,p,p,p,,,,,,,,,,,w,w,,p,p,p,p,p,p,p,p,p,p,p,p,p,p,p,p,p,p,p,p,p,p,p,p,p,p,p,p,p,p,p,p,p,p,p,p,p,p,p,p,p,p,p,p,p,p,p,p,p,p,p,,,,,,,w,w,,,,,,,,,,,,,w,w,w,w,w,w,w,w,w,w,w,w,,,,,p,p,p,p,,p,p,p,p,p,p,p,p,p,p,p,p,p,p,p,p,p,p,p,p,p,p,p,p,,w,w,,,,,,,p,p,p,p,p,p,p,,,,,,r
r,,,,,p,p,p,p,,,,,p,p,p,p,p,p,p,p,p,p,p,p,p,p,p,p,p,p,p,,,,p,p,p,p,p,p,p,p,,,,,,p,p,p,p,p,p,,,,,p,p,p,p,p,p,p,p,p,p,p,p,p,,,,,,,,,w,w,,,,,,r,r,,,,,,w,w,w,w,w,w,w,w,w,w,w,,,,,,p,p,p,p,,,,,,,w,w,,,,p,p,p,p,p,p,p,p,p,p,p,,,,,w,w,,,,,,,,,p,p,p,p,p,p,p,,,,r
r,,,,,,p,p,p,p,,,p,p,p,p,p,p,p,p,p,p,p,p,p,p,p,p,p,p,,,,,,,,,,w,w,,,,,,,,,,p,p,p,p,,,,,,w,w,,,,,,,,,,,,,,,,,,,w,w,,,,,,r,r,,,,,,w,w,w,w,w,w,w,w,w,w,,,,,,,p,p,p,p,,,,,,,w,w,,,,,,p,p,p,p,p,p,p,p,p,,,,,w,w,,,,,,,,,,p,p,p,p,p,p,,,,r
r,,,,,,p,p,p,p,p,p,p,p,p,p,p,p,p,p,p,p,p,p,p,p,p,p,p,,,,,,,,,,,w,w,,,,,,,,,,p,p,p,p,,,,,,w,w,,,,,,,,,,,,,r,r,,,,,w,w,,,,,,,,,,,,,,w,w,w,,w,w,w,w,,,,,,,,p,p,p,p,,,,,,,w,w,,,,,,,,p,p,p,p,,,,,,,,w,w,,,,,,,,,,p,p,p,p,p,p,,,,r
r,,,,,,p,p,p,p,p,p,p,p,p,p,p,p,p,p,p,p,p,p,,,,,,,,,r,,,,,,,w,w,,,,,,,,,,p,p,p,p,,,,,,w,w,,,,,,,,,,,,,r,r,,,,,w,w,,,,,,,,,,,,,,w,w,,,,w,w,w,,,,,,,,p,p,p,p,,,,,,,w,w,,,,,,,,,,,,,,,,,,,w,w,,,,,,,,,,,,p,p,p,p,,,,r
r,,,,,,,p,p,p,p,p,p,p,p,,,,,w,w,,,,,,,,,,,,,,r,r,,,,w,w,,,,,,,,,,p,p,p,p,,,,,,w,w,,,,,,,,,,,,,,,,,,,w,w,,,,,,,,,,r,,,,w,,,,,w,w,,,,,,,,p,p,p,p,,,,,,,,w,w,,,,,,,,,,,,,,,,r,,,w,w,,,,r,,,,,,,,,p,p,p,p,,,r
r,,,,,,,,,,p,p,p,p,p,p,,,,w,w,,,,,,,,,,,,,,r,r,,,,w,w,,,,,,,,,p,p,p,p,,,,,,,w,w,,,,,,,,,,,,,,,,,,,w,w,,,,,,,,,,,,,,,,,,,w,w,,,,,,,,p,p,p,p,,,,,,,,w,w,,,,,,,,,,,,,,,,,,,w,w,,,,,,,,,,,,,p,p,p,p,,,r
r,,,,,,,,,,,p,p,p,p,p,,,,w,w,,,,,,,,,,,,,,,,,,,w,w,,,,,,,,,p,p,p,p,,,,,,,w,w,,,,,,,,,,,,,,,,,,,w,w,,,,,,,,,,,,,,,,,,,w,w,,,,,,,p,p,p,p,,,,,,,,,w,w,,,,,,,,,,,,,,,,,,,w,w,,,,,,,,,,,,,p,p,p,p,,,r
r,w,w,w,w,w,w,w,w,w,w,w,p,p,p,p,w,w,w,w,w,w,w,w,w,w,w,w,w,w,w,w,w,w,w,w,w,w,w,w,w,w,w,w,w,w,w,w,w,p,p,p,p,w,w,w,w,w,w,w,w,w,w,w,w,w,w,w,w,w,w,w,w,w,w,w,w,w,w,w,w,w,w,w,w,w,w,w,w,w,w,w,w,w,w,w,w,w,w,w,w,w,w,w,w,w,w,p,p,p,p,w,w,w,w,w,w,w,w,w,w,w,w,w,w,w,w,w,w,w,w,w,w,w,w,w,w,w,w,w,w,w,w,w,w,w,w,w,w,w,w,w,w,p,p,p,p,w,w,r
r,w,w,w,w,w,w,w,w,w,w,w,p,p,p,p,w,w,w,w,w,w,w,w,w,w,w,w,w,w,w,w,w,w,w,w,w,w,w,w,w,w,w,w,w,w,w,w,w,p,p,p,p,w,w,w,w,w,w,w,w,w,w,w,w,w,w,w,w,w,w,w,w,w,w,w,w,w,w,w,w,w,w,w,w,w,w,w,w,w,w,w,w,w,w,w,w,w,w,w,w,w,w,w,w,w,w,p,p,p,p,w,w,w,w,w,w,w,w,w,r,w,w,w,w,w,w,w,w,w,w,w,w,w,w,w,w,w,w,w,w,w,w,w,w,w,w,w,w,w,w,w,w,p,p,p,p,w,w,r
r,,,,,,,,,,,,p,p,p,p,,,,w,w,,,,,,,,,,,,,,,,,,,w,w,r,r,r,,,r,,,p,p,p,p,,,,,,,w,w,,,,,,,,,,,,,,,,p,p,p,p,p,,,,,,,,,,,,,,,,,,,w,w,,,,,,,p,p,p,p,,,,,,,,,w,w,,,,,,,,,,,,,,,,,,,w,w,,,,,,,,,,,,,p,p,p,p,,,r
r,,,w,w,w,,,,,,,p,p,p,p,,r,,w,w,,,,,,,,,,,,,,,,,,,w,w,r,r,r,r,r,r,,,p,p,p,p,,,,,,,w,w,,,,,,,,,,,,,,p,p,p,p,p,p,p,p,p,,,,,,,,,,,,,,,r,,w,w,,,r,,,,p,p,p,p,,,,,,,,,w,w,,,,,,,,,,,,,,,,,,,w,w,,,,,,,,,,,,,p,p,p,p,,,r
r,,w,w,w,w,w,,,,,,p,p,p,p,,,,w,w,,,,,,,,,,,,,,,,,,,w,w,r,r,r,r,r,r,,p,p,p,p,,,,,r,,,w,w,,,,,,,,,,,,,p,p,p,p,p,p,p,p,p,p,p,p,p,p,p,,,,,,,,,,,,w,w,,,,,,p,p,p,p,,,,,,,r,,,w,w,,,,,,,,,,,,,,,,,,,w,w,,,,,,,,,,,,,p,p,p,p,,,r
r,,w,w,w,w,w,,,,,,p,p,p,p,,,,w,w,,,,,,,,,,,,,,,,,,,w,w,r,r,r,r,r,r,,p,p,p,p,,,,,r,,,w,w,,,,,,,,,,,,p,p,p,p,p,p,p,p,p,p,p,p,p,p,p,p,,,,,,,,,,,,w,w,,,,,,p,p,p,p,,,,,,,,,,w,w,,,,,,,,,r,,,r,,,r,,,,w,w,,,,,,,,,,,,,,,,,,,r
r,,w,w,w,w,w,,,,,,,p,p,p,p,,,w,w,,,,,,,,,,,,,,,,,,,w,w,,r,r,r,r,r,,p,p,p,p,,,r,,,,,w,w,,,,,,,,,,,,p,p,p,p,p,p,p,p,p,p,p,p,p,p,p,p,p,p,p,p,p,,,,,,,w,w,,,,,p,p,p,p,p,,,,,,,,,,w,w,,,,,,,,,,,,,,,,,,,w,w,,,,,,,,,,,,,,,,,,,r
r,,w,w,w,w,w,,,,,,,p,p,p,p,,,w,w,,,,,,,,,,,,,,,,,,,w,w,,r,r,r,r,,,p,p,p,p,,,,,,,,w,w,,,,,,,,,,,p,p,p,p,p,p,,,w,w,,,p,p,p,p,p,p,p,p,p,p,,,,,,,w,w,,,,p,p,p,p,p,p,p,,,,,,,,,w,w,,,,,,,,,,,,,,,,,,,w,w,,,,,,,,,,,,,,,,,,,r
r,,w,w,w,w,w,,,,,,,p,p,p,p,,,w,w,,,,,,,,,,p,p,p,p,p,,,,,w,w,,,,,,,,p,p,p,p,,,,,,,,w,w,,,,,,,,,,,p,p,p,p,p,,,,w,w,,,,,,,,p,p,p,p,p,p,p,p,p,p,p,p,p,p,p,p,p,p,p,p,p,p,p,p,p,p,p,,,,,w,w,,,,,,,,,,,,,,,,,,,w,w,,,,,,,,,,,,,,,,,,,r
r,,w,w,w,w,w,w,,,,,,,p,p,p,p,,w,w,,,,,,,,p,p,p,p,p,p,p,p,p,p,p,w,w,,,,,,p,p,p,p,p,,,,,,,,,w,w,,,,,,,,,,,p,p,p,p,p,,,,w,w,,,,,,,,p,p,p,p,p,p,p,p,p,p,p,p,p,p,p,p,p,p,p,p,p,p,p,p,p,p,p,p,p,p,p,p,p,p,,,,,,,,,,,,,,,,,p,p,p,p,p,,,,,,,,,,,,,,,,,r
r,,w,w,w,w,w,w,w,,,,,,p,p,p,p,,w,w,,,,,p,p,p,p,p,p,p,p,p,p,p,p,p,p,p,p,p,p,p,p,p,p,p,p,p,p,p,p,p,p,,,,,w,w,,,,,,,,,p,p,p,p,p,p,,,,,w,w,,,,,,,,,,,,,p,p,p,p,p,p,p,p,p,p,p,p,p,p,p,p,p,p,p,p,p,p,p,p,p,p,p,p,p,p,p,p,p,p,p,,,,,,,p,p,p,p,p,p,p,p,p,,,,,,,,,,,,,,,,,r
r,,w,w,w,w,w,w,w,,,,,,p,p,p,p,,w,w,,,p,p,p,p,p,p,p,p,p,p,p,p,p,p,p,p,p,p,p,p,p,p,p,p,p,p,p,p,p,p,p,p,,,,,w,w,,,,p,p,p,p,p,p,p,p,p,p,,,,,,w,w,,,,,,,,,,,,,p,p,p,p,p,p,p,p,p,p,p,,,,,,,,p,p,p,p,p,p,p,p,p,p,p,p,p,p,p,p,p,p,p,p,p,p,p,p,p,p,p,p,p,p,p,p,,,,,,,,,,,,,,,,,r
r,,w,w,w,w,w,w,w,,,,,,,p,p,p,p,w,w,,,p,p,p,p,p,p,p,p,p,p,,,p,p,p,p,p,p,p,p,p,p,p,p,p,p,p,p,p,p,p,p,p,p,p,p,p,p,p,p,p,p,p,p,p,p,p,p,p,p,p,,,,,,w,w,,,,,,,,,,,,,,,,,,,w,w,,,,,,,,,,,,,,,p,p,p,p,p,p,p,p,p,p,p,p,p,p,p,p,p,p,p,p,p,p,p,p,p,p,p,p,,,,,,,,,,,,,,,,,r
r,,w,w,w,w,w,w,w,,,,,,,p,p,p,p,p,p,p,p,p,p,p,p,p,p,p,,,,,,,,,,p,p,p,p,p,p,p,,,,,,p,p,p,p,p,p,p,p,p,p,p,p,p,p,p,p,p,p,p,p,p,p,p,,,,,,w,w,,,,,,,,,,,,,,,,,,,w,w,,,,,,,,,,,,,,,,,,,w,w,,p,p,p,p,p,p,p,p,p,p,p,p,p,p,p,p,,w,w,,,,,,,,,,,,,,,,,,,r
r,,w,w,w,w,w,w,w,,,,,,,p,p,p,p,p,p,p,p,p,p,p,,,,,,,,,,,,,,w,w,,,,,,,,,,,,,,,p,p,p,p,p,p,p,p,p,p,p,p,p,p,,,,,,,,,,,w,w,,,,,,,,,,,,,,,,,,,w,w,,,,,,,w,w,,,,,,,,,,,w,w,,,,,,,,p,p,p,p,p,p,,,,,,w,w,,,,,,,,,,,,,,,,,,,r
r,,w,w,w,w,w,w,,,,,,,,p,p,p,p,p,p,p,p,p,p,,,,,,,,,,,,,,,w,w,,,,,,,,,,,,,,,p,p,p,p,p,p,p,p,p,,,,,,,,,,,,,,,,w,w,,,,,,,,,,,,,,,,,,,w,w,,,,,,w,w,w,w,w,,,,,,,,,w,w,,,,,,,,,,,,,,,,,,,w,w,,,,,,,,,,,,,,,,,,,r
r,,w,w,w,w,w,w,,,,,,,,,p,p,p,p,p,p,p,p,p,,,,,,,,,,,,,,,w,w,,,,,,,r,r,,,,,,,,,,,w,w,,,,,,,,,,,,,,,,,,,w,w,,,,,,,,,,,,,,,,,,,w,w,,w,w,w,w,w,w,w,w,w,,,,,,,,,w,w,,,,,,,,,,,,,,,,,,,w,w,,,,,,,,,,,,,,,,,,,r
r,,,w,w,w,w,w,,,,,,,,,,,,w,w,,,,,,,,,,,,,,,,,,,w,w,,,,,,,r,r,,,,,,,,,,,w,w,,,,,,,,,,,,,,,,,,,w,w,,,,,,,,,,,,,,,,,,,w,w,,w,w,w,w,w,w,w,,,,,,,r,,,,w,w,,,,,,,,,,,,,,,,,,,w,w,,,,,,,,,,,,,,,,,,,r
r,,,,,w,w,w,,,,,,,,,,,,w,w,,,,,,,,,,,,,,,,,,,w,w,,,,,,,,,,,,,,,,,,,w,w,,,,,,,,,,,,,,,,,,,w,w,,,,,,,,,,r,,,,,,,,,w,w,,w,w,w,w,,,,,,,,,,,,,,w,w,,,,,,r,,,,,,,,,,,,,w,w,,,,,,,,,,,,,,,,,,,r
r,,,,,,,,,,,,,,,,,,,w,w,,,,,,,,,,,,,,,,,,,w,w,,,,,,,,,,,,,,,,,,,w,w,,,,,,,,,,,,,,,,,,,w,w,,,,,,,,,,,,,,,,,,,w,w,,,,,,,,,,,,,,,,,,,w,w,,,,,,,,,,,,,,,,,,,w,w,,,,,,,,,,,,,,,,,,,r
r,r,r,r,r,r,r,r,r,r,r,r,r,r,r,r,r,r,r,r,r,r,r,r,r,r,r,r,r,r,r,r,r,r,r,r,r,r,r,r,r,r,r,r,r,r,r,r,r,r,r,r,r,r,r,r,r,r,r,r,r,r,r,r,r,r,r,r,r,r,r,r,r,r,r,r,r,r,r,r,r,r,r,r,r,r,r,r,r,r,r,r,r,r,r,r,r,r,r,r,r,r,r,r,r,r,r,r,r,r,r,r,r,r,r,r,r,r,r,r,r,r,r,r,r,r,r,r,r,r,r,r,r,r,r,r,r,r,r,r,r,r,r,r,r,r,r,r,r,r,r,r,r,r,r,r,r,r,r,r
